,Frame,Tumo,Games
0,116,1,0
1,142,2,0
2,169,3,0
3,192,4,0
4,217,5,0
5,243,6,0
6,271,7,0
7,294,8,0
8,317,9,0
9,339,10,0
10,365,11,0
11,389,12,0
12,410,13,0
13,433,14,0
14,456,15,0
15,477,16,0
16,497,17,0
17,524,18,0
18,547,19,0
19,570,20,0
20,589,21,0
21,608,22,0
22,625,23,0
23,672,24,0
24,695,25,0
25,717,26,0
26,737,27,0
27,754,28,0
28,774,29,0
29,801,30,0
30,837,31,0
31,864,32,0
32,892,33,0
33,962,34,0
34,976,35,0
35,1008,36,0
36,1033,37,0
37,1136,38,0
38,1157,39,0
39,1218,40,0
40,1240,41,0
41,1259,42,0
42,1279,43,0
43,1301,44,0
44,1327,45,0
45,1356,46,0
46,1389,47,0
47,1407,48,0
48,1693,49,0
49,1924,50,0
50,2007,1,1
51,2034,2,1
52,2058,3,1
53,2083,4,1
54,2108,5,1
55,2130,6,1
56,2152,7,1
57,2215,8,1
58,2243,9,1
59,2270,10,1
60,2294,11,1
61,2315,12,1
62,2341,13,1
63,2371,14,1
64,2392,15,1
65,2419,16,1
66,2438,17,1
67,2462,18,1
68,2484,19,1
69,2505,20,1
70,2524,21,1
71,2545,22,1
72,2563,23,1
73,2586,24,1
74,2649,25,1
75,2666,26,1
76,2684,27,1
77,2704,28,1
78,2723,29,1
79,2745,30,1
80,2853,31,1
81,2891,32,1
82,2912,33,1
83,2927,34,1
84,2943,35,1
85,3150,36,1
86,3236,1,2
87,3263,2,2
88,3289,3,2
89,3314,4,2
90,3339,5,2
91,3361,6,2
92,3386,7,2
93,3407,8,2
94,3426,9,2
95,3477,10,2
96,3504,11,2
97,3530,12,2
98,3550,13,2
99,3583,14,2
100,3606,15,2
101,3626,16,2
102,3650,17,2
103,3672,18,2
104,3707,19,2
105,3725,20,2
106,3748,21,2
107,3768,22,2
108,3787,23,2
109,3807,24,2
110,3840,25,2
111,3856,26,2
112,3874,27,2
113,3895,28,2
114,3913,29,2
115,3928,30,2
116,3945,31,2
117,3990,32,2
118,4021,33,2
119,4040,34,2
120,4062,35,2
121,4078,36,2
122,4283,37,2
123,4306,38,2
124,4534,39,2
125,4618,1,3
126,4646,2,3
127,4670,3,3
128,4696,4,3
129,4722,5,3
130,4745,6,3
131,4770,7,3
132,4795,8,3
133,4821,9,3
134,4846,10,3
135,4882,11,3
136,4903,12,3
137,4927,13,3
138,4949,14,3
139,4971,15,3
140,4990,16,3
141,5013,17,3
142,5034,18,3
143,5055,19,3
144,5078,20,3
145,5111,21,3
146,5133,22,3
147,5163,23,3
148,5183,24,3
149,5202,25,3
150,5220,26,3
151,5237,27,3
152,5256,28,3
153,5273,29,3
154,5291,30,3
155,5309,31,3
156,5338,32,3
157,5356,33,3
158,5379,34,3
159,5395,35,3
160,5592,36,3
161,5607,37,3
162,5639,38,3
163,5657,39,3
164,5684,40,3
165,5718,41,3
166,5743,42,3
167,5759,43,3
168,5776,44,3
169,5794,45,3
170,5817,46,3
171,5835,47,3
172,5871,48,3
173,5895,49,3
174,5914,50,3
175,5953,51,3
176,5999,52,3
177,6041,53,3
178,6484,54,3
179,6540,55,3
180,6565,56,3
181,6588,57,3
182,6610,58,3
183,6632,59,3
184,6654,60,3
185,6675,61,3
186,6695,62,3
187,6721,63,3
188,6750,64,3
189,6783,65,3
190,6800,66,3
191,6836,67,3
192,6855,68,3
193,6890,69,3
194,6912,70,3
195,6935,71,3
196,6956,72,3
197,7142,73,3
198,7226,1,4
199,7251,2,4
200,7277,3,4
201,7304,4,4
202,7330,5,4
203,7356,6,4
204,7381,7,4
205,7403,8,4
206,7427,9,4
207,7451,10,4
208,7474,11,4
209,7501,12,4
210,7521,13,4
211,7543,14,4
212,7564,15,4
213,7583,16,4
214,7602,17,4
215,7624,18,4
216,7644,19,4
217,7661,20,4
218,7681,21,4
219,7706,22,4
220,7723,23,4
221,7747,24,4
222,7770,25,4
223,7792,26,4
224,7813,27,4
225,7832,28,4
226,7859,29,4
227,7876,30,4
228,7894,31,4
229,7912,32,4
230,7933,33,4
231,7995,34,4
232,8011,35,4
233,8028,36,4
234,8046,37,4
235,8234,38,4
236,8258,39,4
237,8277,40,4
238,8455,41,4
239,8539,1,5
240,8565,2,5
241,8589,3,5
242,8615,4,5
243,8639,5,5
244,8693,6,5
245,8716,7,5
246,8739,8,5
247,8786,9,5
248,8807,10,5
249,8829,11,5
250,8867,12,5
251,8905,13,5
252,8922,14,5
253,8945,15,5
254,8964,16,5
255,8983,17,5
256,9003,18,5
257,9025,19,5
258,9046,20,5
259,9072,21,5
260,9093,22,5
261,9112,23,5
262,9141,24,5
263,9163,25,5
264,9189,26,5
265,9210,27,5
266,9229,28,5
267,9259,29,5
268,9303,30,5
269,9333,31,5
270,9362,32,5
271,9381,33,5
272,9398,34,5
273,9437,35,5
274,9578,36,5
275,9607,37,5
276,9627,38,5
277,9647,39,5
278,9666,40,5
279,9694,41,5
280,9712,42,5
281,9739,43,5
282,9768,44,5
283,9821,45,5
284,9850,46,5
285,9864,47,5
286,10371,48,5
287,10597,49,5
288,10680,1,6
289,10707,2,6
290,10731,3,6
291,10755,4,6
292,10779,5,6
293,10807,6,6
294,10830,7,6
295,10852,8,6
296,10875,9,6
297,10896,10,6
298,10918,11,6
299,10945,12,6
300,10969,13,6
301,10990,14,6
302,11013,15,6
303,11036,16,6
304,11072,17,6
305,11091,18,6
306,11119,19,6
307,11138,20,6
308,11162,21,6
309,11180,22,6
310,11200,23,6
311,11218,24,6
312,11236,25,6
313,11259,26,6
314,11279,27,6
315,11297,28,6
316,11331,29,6
317,11352,30,6
318,11389,31,6
319,11406,32,6
320,11425,33,6
321,11482,34,6
322,11564,35,6
323,11597,36,6
324,11655,37,6
325,11686,38,6
326,11953,39,6
327,11974,40,6
328,11994,41,6
329,12012,42,6
330,12043,43,6
331,12061,44,6
332,12090,45,6
333,12110,46,6
334,12131,47,6
335,12150,48,6
336,12169,49,6
337,12191,50,6
338,12211,51,6
339,12238,52,6
340,12273,53,6
341,12300,54,6
342,12321,55,6
343,12341,56,6
344,12361,57,6
345,12735,58,6
346,13020,59,6
347,13191,60,6
348,13275,1,7
349,13301,2,7
350,13325,3,7
351,13349,4,7
352,13372,5,7
353,13397,6,7
354,13422,7,7
355,13449,8,7
356,13472,9,7
357,13494,10,7
358,13515,11,7
359,13542,12,7
360,13566,13,7
361,13601,14,7
362,13631,15,7
363,13650,16,7
364,13668,17,7
365,13703,18,7
366,13725,19,7
367,13752,20,7
368,13785,21,7
369,13808,22,7
370,13829,23,7
371,13852,24,7
372,13873,25,7
373,13894,26,7
374,13908,27,7
375,13925,28,7
376,13944,29,7
377,13962,30,7
378,14005,31,7
379,14025,32,7
380,14069,33,7
381,14094,34,7
382,14173,35,7
383,14484,36,7
384,14507,37,7
385,14531,38,7
386,14554,39,7
387,14584,40,7
388,14610,41,7
389,14629,42,7
390,14659,43,7
391,14683,44,7
392,14703,45,7
393,14722,46,7
394,14740,47,7
395,14758,48,7
396,14780,49,7
397,14899,50,7
398,15054,51,7
399,15080,52,7
400,15103,53,7
401,15128,54,7
402,15148,55,7
403,15362,56,7
404,15447,1,8
405,15474,2,8
406,15500,3,8
407,15525,4,8
408,15550,5,8
409,15573,6,8
410,15597,7,8
411,15620,8,8
412,15643,9,8
413,15670,10,8
414,15696,11,8
415,15721,12,8
416,15742,13,8
417,15766,14,8
418,15796,15,8
419,15820,16,8
420,15844,17,8
421,15866,18,8
422,15886,19,8
423,15905,20,8
424,15936,21,8
425,15958,22,8
426,15976,23,8
427,15995,24,8
428,16015,25,8
429,16184,26,8
430,16208,27,8
431,16229,28,8
432,16247,29,8
433,16266,30,8
434,16288,31,8
435,16307,32,8
436,16328,33,8
437,16344,34,8
438,16364,35,8
439,16414,36,8
440,16448,37,8
441,16489,38,8
442,16508,39,8
443,16538,40,8
444,16570,41,8
445,16970,42,8
446,16996,43,8
447,17201,44,8
448,17285,1,9
449,17313,2,9
450,17337,3,9
451,17361,4,9
452,17387,5,9
453,17413,6,9
454,17439,7,9
455,17462,8,9
456,17486,9,9
457,17508,10,9
458,17531,11,9
459,17552,12,9
460,17576,13,9
461,17596,14,9
462,17615,15,9
463,17636,16,9
464,17662,17,9
465,17679,18,9
466,17701,19,9
467,17722,20,9
468,17740,21,9
469,17761,22,9
470,17790,23,9
471,17815,24,9
472,17833,25,9
473,17852,26,9
474,17878,27,9
475,17894,28,9
476,17937,29,9
477,17953,30,9
478,17977,31,9
479,17999,32,9
480,18019,33,9
481,18036,34,9
482,18052,35,9
483,18067,36,9
484,18113,37,9
485,18144,38,9
486,18163,39,9
487,18183,40,9
488,18270,41,9
489,18288,42,9
490,18306,43,9
491,18478,44,9
492,18532,45,9
493,18553,46,9
494,18575,47,9
495,18595,48,9
496,18615,49,9
497,18633,50,9
498,18654,51,9
499,18673,52,9
500,19041,53,9
501,19098,54,9
502,19123,55,9
503,19148,56,9
504,19172,57,9
505,19196,58,9
506,19377,59,9
507,19462,1,10
508,19491,2,10
509,19516,3,10
510,19540,4,10
511,19568,5,10
512,19594,6,10
513,19619,7,10
514,19647,8,10
515,19671,9,10
516,19693,10,10
517,19718,11,10
518,19741,12,10
519,19765,13,10
520,19788,14,10
521,19813,15,10
522,19835,16,10
523,19880,17,10
524,19901,18,10
525,19922,19,10
526,19944,20,10
527,19965,21,10
528,19983,22,10
529,20006,23,10
530,20035,24,10
531,20054,25,10
532,20083,26,10
533,20109,27,10
534,20133,28,10
535,20153,29,10
536,20169,30,10
537,20206,31,10
538,20222,32,10
539,20394,33,10
540,20426,34,10
541,20445,35,10
542,20465,36,10
543,20484,37,10
544,20513,38,10
545,20532,39,10
546,20549,40,10
547,20574,41,10
548,20590,42,10
549,20633,43,10
550,20660,44,10
551,20684,45,10
552,20699,46,10
553,20721,47,10
554,20763,48,10
555,21221,49,10
556,21358,50,10
557,21386,51,10
558,21411,52,10
559,21436,53,10
560,21470,54,10
561,21492,55,10
562,21512,56,10
563,21537,57,10
564,21789,58,10
565,21872,1,11
566,21898,2,11
567,21922,3,11
568,21947,4,11
569,21972,5,11
570,21996,6,11
571,22020,7,11
572,22045,8,11
573,22068,9,11
574,22095,10,11
575,22121,11,11
576,22144,12,11
577,22168,13,11
578,22189,14,11
579,22210,15,11
580,22231,16,11
581,22252,17,11
582,22271,18,11
583,22292,19,11
584,22315,20,11
585,22334,21,11
586,22357,22,11
587,22376,23,11
588,22398,24,11
589,22423,25,11
590,22444,26,11
591,22463,27,11
592,22523,28,11
593,22553,29,11
594,22571,30,11
595,22588,31,11
596,22606,32,11
597,22762,33,11
598,22782,34,11
599,22951,35,11
600,22979,36,11
601,23001,37,11
602,23020,38,11
603,23038,39,11
604,23057,40,11
605,23081,41,11
606,23104,42,11
607,23124,43,11
608,23146,44,11
609,23175,45,11
610,23196,46,11
611,23231,47,11
612,23384,48,11
613,23404,49,11
614,23425,50,11
615,23453,51,11
616,23590,52,11
617,23663,53,11
618,23682,54,11
619,23712,55,11
620,23727,56,11
621,23770,57,11
622,23785,58,11
623,23935,59,11
624,24051,60,11
625,24222,61,11
626,24306,1,12
627,24332,2,12
628,24356,3,12
629,24380,4,12
630,24405,5,12
631,24431,6,12
632,24465,7,12
633,24500,8,12
634,24528,9,12
635,24550,10,12
636,24580,11,12
637,24608,12,12
638,24632,13,12
639,24664,14,12
640,24689,15,12
641,24710,16,12
642,24730,17,12
643,24748,18,12
644,24780,19,12
645,24799,20,12
646,24823,21,12
647,24844,22,12
648,24862,23,12
649,24883,24,12
650,24906,25,12
651,24924,26,12
652,24945,27,12
653,24962,28,12
654,24980,29,12
655,25011,30,12
656,25029,31,12
657,25048,32,12
658,25183,33,12
659,25203,34,12
660,25221,35,12
661,25242,36,12
662,25258,37,12
663,25275,38,12
664,25301,39,12
665,25321,40,12
666,25493,41,12
667,25636,42,12
668,25658,43,12
669,25680,44,12
670,25699,45,12
671,25719,46,12
672,25745,47,12
673,25762,48,12
674,25788,49,12
675,25817,50,12
676,25887,51,12
677,26116,52,12
678,26201,1,13
679,26227,2,13
680,26251,3,13
681,26279,4,13
682,26304,5,13
683,26328,6,13
684,26355,7,13
685,26380,8,13
686,26407,9,13
687,26428,10,13
688,26453,11,13
689,26477,12,13
690,26500,13,13
691,26520,14,13
692,26544,15,13
693,26575,16,13
694,26595,17,13
695,26616,18,13
696,26645,19,13
697,26669,20,13
698,26695,21,13
699,26712,22,13
700,26743,23,13
701,26760,24,13
702,26777,25,13
703,26808,26,13
704,26829,27,13
705,26863,28,13
706,26896,29,13
707,26925,30,13
708,26953,31,13
709,26986,32,13
710,27006,33,13
711,27039,34,13
712,27139,35,13
713,27157,36,13
714,27440,37,13
715,27523,1,14
716,27549,2,14
717,27575,3,14
718,27601,4,14
719,27623,5,14
720,27645,6,14
721,27671,7,14
722,27698,8,14
723,27722,9,14
724,27742,10,14
725,27768,11,14
726,27793,12,14
727,27816,13,14
728,27850,14,14
729,27870,15,14
730,27891,16,14
731,27909,17,14
732,27931,18,14
733,27950,19,14
734,27989,20,14
735,28010,21,14
736,28027,22,14
737,28046,23,14
738,28067,24,14
739,28086,25,14
740,28104,26,14
741,28150,27,14
742,28239,28,14
743,28276,29,14
744,28295,30,14
745,28312,31,14
746,28342,32,14
747,28359,33,14
748,28386,34,14
749,28424,35,14
750,28443,36,14
751,28466,37,14
752,28496,38,14
753,28597,39,14
754,28617,40,14
755,28638,41,14
756,28655,42,14
757,28674,43,14
758,28843,44,14
759,29108,45,14
760,29136,46,14
761,29161,47,14
762,29186,48,14
763,29211,49,14
764,29238,50,14
765,29264,51,14
766,29290,52,14
767,29313,53,14
768,29337,54,14
769,29359,55,14
770,29380,56,14
771,29403,57,14
772,29425,58,14
773,29446,59,14
774,29470,60,14
775,29489,61,14
776,29517,62,14
777,29538,63,14
778,29729,64,14
779,29814,1,15
780,29839,2,15
781,29866,3,15
782,29892,4,15
783,29916,5,15
784,29949,6,15
785,29971,7,15
786,29995,8,15
787,30023,9,15
788,30048,10,15
789,30083,11,15
790,30106,12,15
791,30126,13,15
792,30147,14,15
793,30167,15,15
794,30202,16,15
795,30222,17,15
796,30240,18,15
797,30273,19,15
798,30291,20,15
799,30314,21,15
800,30343,22,15
801,30361,23,15
802,30397,24,15
803,30417,25,15
804,30448,26,15
805,30465,27,15
806,30484,28,15
807,30570,29,15
808,30591,30,15
809,30614,31,15
810,30656,32,15
811,30691,33,15
812,30713,34,15
813,30729,35,15
814,30827,36,15
815,30846,37,15
816,30865,38,15
817,30896,39,15
818,30914,40,15
819,30931,41,15
820,30960,42,15
821,31186,43,15
822,31287,44,15
823,31313,45,15
824,31337,46,15
825,31521,47,15
826,31605,1,16
827,31632,2,16
828,31657,3,16
829,31679,4,16
830,31704,5,16
831,31727,6,16
832,31750,7,16
833,31776,8,16
834,31798,9,16
835,31826,10,16
836,31852,11,16
837,31885,12,16
838,31904,13,16
839,31925,14,16
840,31951,15,16
841,31977,16,16
842,32002,17,16
843,32025,18,16
844,32048,19,16
845,32068,20,16
846,32088,21,16
847,32135,22,16
848,32276,23,16
849,32301,24,16
850,32321,25,16
851,32339,26,16
852,32358,27,16
853,32668,28,16
854,32752,1,17
855,32778,2,17
856,32803,3,17
857,32828,4,17
858,32854,5,17
859,32879,6,17
860,32904,7,17
861,32929,8,17
862,32952,9,17
863,32974,10,17
864,32996,11,17
865,33016,12,17
866,33052,13,17
867,33072,14,17
868,33092,15,17
869,33120,16,17
870,33146,17,17
871,33169,18,17
872,33202,19,17
873,33220,20,17
874,33239,21,17
875,33267,22,17
876,33291,23,17
877,33315,24,17
878,33349,25,17
879,33366,26,17
880,33385,27,17
881,33416,28,17
882,33438,29,17
883,33456,30,17
884,33472,31,17
885,33652,32,17
886,33672,33,17
887,33690,34,17
888,33873,35,17
889,33957,1,18
890,33984,2,18
891,34008,3,18
892,34034,4,18
893,34057,5,18
894,34082,6,18
895,34108,7,18
896,34135,8,18
897,34161,9,18
898,34183,10,18
899,34218,11,18
900,34250,12,18
901,34271,13,18
902,34290,14,18
903,34316,15,18
904,34336,16,18
905,34370,17,18
906,34388,18,18
907,34412,19,18
908,34434,20,18
909,34455,21,18
910,34478,22,18
911,34501,23,18
912,34523,24,18
913,34542,25,18
914,34572,26,18
915,34590,27,18
916,34619,28,18
917,34637,29,18
918,34657,30,18
919,34674,31,18
920,34703,32,18
921,34735,33,18
922,34753,34,18
923,34833,35,18
924,34864,36,18
925,34886,37,18
926,34969,38,18
927,35171,39,18
928,35255,1,19
929,35281,2,19
930,35305,3,19
931,35331,4,19
932,35364,5,19
933,35397,6,19
934,35422,7,19
935,35447,8,19
936,35472,9,19
937,35496,10,19
938,35518,11,19
939,35542,12,19
940,35566,13,19
941,35590,14,19
942,35611,15,19
943,35633,16,19
944,35656,17,19
945,35675,18,19
946,35717,19,19
947,35740,20,19
948,35762,21,19
949,35780,22,19
950,35803,23,19
951,35824,24,19
952,35842,25,19
953,35861,26,19
954,35879,27,19
955,35898,28,19
956,35916,29,19
957,35944,30,19
958,36006,31,19
959,36082,32,19
960,36111,33,19
961,36129,34,19
962,36147,35,19
963,36194,36,19
964,36227,37,19
965,36276,38,19
966,36296,39,19
967,36313,40,19
968,36356,41,19
969,36373,42,19
970,36390,43,19
971,36409,44,19
972,36446,45,19
973,36477,46,19
974,36525,47,19
975,36642,48,19
976,36701,49,19
977,36718,50,19
978,36735,51,19
979,36752,52,19
980,36788,53,19
981,36839,54,19
982,36867,55,19
983,36882,56,19
984,36897,57,19
985,37113,58,19
986,37291,59,19
987,37320,60,19
988,37515,61,19
989,37600,1,20
990,37626,2,20
991,37650,3,20
992,37675,4,20
993,37703,5,20
994,37730,6,20
995,37755,7,20
996,37780,8,20
997,37802,9,20
998,37828,10,20
999,37849,11,20
1000,37874,12,20
1001,37897,13,20
1002,37917,14,20
1003,37940,15,20
1004,37958,16,20
1005,37977,17,20
1006,38009,18,20
1007,38026,19,20
1008,38047,20,20
1009,38068,21,20
1010,38093,22,20
1011,38117,23,20
1012,38146,24,20
1013,38168,25,20
1014,38190,26,20
1015,38220,27,20
1016,38240,28,20
1017,38258,29,20
1018,38276,30,20
1019,38305,31,20
1020,38334,32,20
1021,38357,33,20
1022,38375,34,20
1023,38391,35,20
1024,38509,36,20
1025,38909,37,20
1026,38935,38,20
1027,38959,39,20
1028,38985,40,20
1029,39011,41,20
1030,39034,42,20
1031,39056,43,20
1032,39104,44,20
1033,39128,45,20
1034,39152,46,20
1035,39186,47,20
1036,39208,48,20
1037,39230,49,20
1038,39253,50,20
1039,39273,51,20
1040,39304,52,20
1041,39326,53,20
1042,39346,54,20
1043,39367,55,20
1044,39384,56,20
1045,39407,57,20
1046,39425,58,20
1047,39735,59,20
1048,39752,60,20
1049,39777,61,20
1050,39798,62,20
1051,39819,63,20
1052,39838,64,20
1053,39856,65,20
1054,39876,66,20
1055,39892,67,20
1056,40126,68,20
1057,40146,69,20
1058,40165,70,20
1059,40182,71,20
1060,40200,72,20
1061,40217,73,20
1062,40236,74,20
1063,40464,75,20
1064,40548,1,21
1065,40577,2,21
1066,40601,3,21
1067,40625,4,21
1068,40651,5,21
1069,40678,6,21
1070,40711,7,21
1071,40733,8,21
1072,40757,9,21
1073,40779,10,21
1074,40806,11,21
1075,40826,12,21
1076,40849,13,21
1077,40870,14,21
1078,40898,15,21
1079,40924,16,21
1080,40946,17,21
1081,40968,18,21
1082,40985,19,21
1083,41015,20,21
1084,41035,21,21
1085,41059,22,21
1086,41088,23,21
1087,41107,24,21
1088,41129,25,21
1089,41160,26,21
1090,41188,27,21
1091,41210,28,21
1092,41227,29,21
1093,41246,30,21
1094,41262,31,21
1095,41281,32,21
1096,41299,33,21
1097,41316,34,21
1098,41458,35,21
1099,41478,36,21
1100,41495,37,21
1101,41514,38,21
1102,41575,39,21
1103,41709,40,21
1104,41797,41,21
1105,41845,42,21
1106,41874,43,21
1107,41902,44,21
1108,41933,45,21
1109,41952,46,21
1110,42033,47,21
1111,42079,48,21
1112,42097,49,21
1113,42198,50,21
1114,42305,51,21
1115,42325,52,21
1116,42350,53,21
1117,42454,54,21
1118,42512,55,21
1119,42547,56,21
1120,42575,57,21
1121,42601,58,21
1122,42637,59,21
1123,42870,60,21
1124,42955,1,22
1125,42981,2,22
1126,43005,3,22
1127,43030,4,22
1128,43052,5,22
1129,43076,6,22
1130,43110,7,22
1131,43135,8,22
1132,43156,9,22
1133,43184,10,22
1134,43205,11,22
1135,43225,12,22
1136,43248,13,22
1137,43266,14,22
1138,43285,15,22
1139,43312,16,22
1140,43337,17,22
1141,43356,18,22
1142,43379,19,22
1143,43410,20,22
1144,43430,21,22
1145,43450,22,22
1146,43469,23,22
1147,43496,24,22
1148,43514,25,22
1149,43531,26,22
1150,43549,27,22
1151,43633,28,22
1152,43650,29,22
1153,43752,30,22
1154,43773,31,22
1155,43803,32,22
1156,43840,33,22
1157,43856,34,22
1158,43897,35,22
1159,43930,36,22
1160,43953,37,22
1161,43985,38,22
1162,44005,39,22
1163,44032,40,22
1164,44090,41,22
1165,44109,42,22
1166,44128,43,22
1167,44146,44,22
1168,44246,45,22
1169,44265,46,22
1170,44296,47,22
1171,44445,48,22
1172,44463,49,22
1173,44521,50,22
1174,44541,51,22
1175,44634,52,22
1176,44653,53,22
1177,44670,54,22
1178,44689,55,22
1179,44720,56,22
1180,44739,57,22
1181,44757,58,22
1182,44773,59,22
1183,44793,60,22
1184,44808,61,22
1185,44829,62,22
1186,45103,63,22
1187,45120,64,22
1188,45153,65,22
1189,45177,66,22
1190,45198,67,22
1191,45381,68,22
1192,45408,69,22
1193,45459,70,22
1194,45483,71,22
1195,45516,72,22
1196,45537,73,22
1197,45559,74,22
1198,45594,75,22
1199,45616,76,22
1200,45639,77,22
1201,45669,78,22
1202,45691,79,22
1203,45714,80,22
1204,45736,81,22
1205,45758,82,22
1206,45777,83,22
1207,45795,84,22
1208,45816,85,22
1209,45835,86,22
1210,45866,87,22
1211,45884,88,22
1212,46012,89,22
1213,46053,90,22
1214,46094,91,22
1215,46119,92,22
1216,46145,93,22
1217,46169,94,22
1218,46190,95,22
1219,46208,96,22
1220,46226,97,22
1221,46247,98,22
1222,46481,99,22
1223,46565,1,23
1224,46591,2,23
1225,46618,3,23
1226,46644,4,23
1227,46670,5,23
1228,46696,6,23
1229,46723,7,23
1230,46745,8,23
1231,46769,9,23
1232,46794,10,23
1233,46816,11,23
1234,46839,12,23
1235,46862,13,23
1236,46896,14,23
1237,46933,15,23
1238,46957,16,23
1239,46977,17,23
1240,46998,18,23
1241,47085,19,23
1242,47110,20,23
1243,47130,21,23
1244,47153,22,23
1245,47170,23,23
1246,47193,24,23
1247,47284,25,23
1248,47305,26,23
1249,47505,27,23
1250,47590,1,24
1251,47617,2,24
1252,47643,3,24
1253,47666,4,24
1254,47689,5,24
1255,47711,6,24
1256,47734,7,24
1257,47761,8,24
1258,47799,9,24
1259,47824,10,24
1260,47846,11,24
1261,47866,12,24
1262,47887,13,24
1263,47914,14,24
1264,47941,15,24
1265,47965,16,24
1266,47988,17,24
1267,48006,18,24
1268,48031,19,24
1269,48050,20,24
1270,48072,21,24
1271,48094,22,24
1272,48128,23,24
1273,48201,24,24
1274,48219,25,24
1275,48237,26,24
1276,48257,27,24
1277,48281,28,24
1278,48303,29,24
1279,48324,30,24
1280,48341,31,24
1281,48393,32,24
1282,48440,33,24
1283,48458,34,24
1284,48478,35,24
1285,48512,36,24
1286,48527,37,24
1287,48670,38,24
1288,48693,39,24
1289,48713,40,24
1290,48753,41,24
1291,48909,42,24
1292,48939,43,24
1293,49016,44,24
1294,49038,45,24
1295,49059,46,24
1296,49075,47,24
1297,49098,48,24
1298,49115,49,24
1299,49253,50,24
1300,49271,51,24
1301,49298,52,24
1302,49314,53,24
1303,49331,54,24
1304,49455,55,24
1305,49474,56,24
1306,49493,57,24
1307,49674,58,24
1308,49759,1,25
1309,49786,2,25
1310,49812,3,25
1311,49835,4,25
1312,49860,5,25
1313,49882,6,25
1314,49906,7,25
1315,49931,8,25
1316,49958,9,25
1317,49980,10,25
1318,50002,11,25
1319,50052,12,25
1320,50072,13,25
1321,50092,14,25
1322,50114,15,25
1323,50139,16,25
1324,50156,17,25
1325,50193,18,25
1326,50213,19,25
1327,50237,20,25
1328,50260,21,25
1329,50278,22,25
1330,50299,23,25
1331,50317,24,25
1332,50339,25,25
1333,50355,26,25
1334,50393,27,25
1335,50479,28,25
1336,50497,29,25
1337,50527,30,25
1338,50671,31,25
1339,50694,32,25
1340,50715,33,25
1341,50734,34,25
1342,50753,35,25
1343,50796,36,25
1344,50825,37,25
1345,50840,38,25
1346,50897,39,25
1347,50933,40,25
1348,51131,41,25
1349,51189,42,25
1350,51212,43,25
1351,51240,44,25
1352,51265,45,25
1353,51298,46,25
1354,51318,47,25
1355,51336,48,25
1356,51353,49,25
1357,51374,50,25
1358,51393,51,25
1359,51411,52,25
1360,51429,53,25
1361,51670,54,25
1362,51755,1,26
1363,51781,2,26
1364,51805,3,26
1365,51830,4,26
1366,51854,5,26
1367,51881,6,26
1368,51903,7,26
1369,52033,8,26
1370,52060,9,26
1371,52085,10,26
1372,52111,11,26
1373,52134,12,26
1374,52155,13,26
1375,52179,14,26
1376,52207,15,26
1377,52229,16,26
1378,52254,17,26
1379,52288,18,26
1380,52381,19,26
1381,52402,20,26
1382,52436,21,26
1383,52471,22,26
1384,52607,23,26
1385,52634,24,26
1386,52658,25,26
1387,52683,26,26
1388,52709,27,26
1389,52733,28,26
1390,52756,29,26
1391,52778,30,26
1392,52800,31,26
1393,52825,32,26
1394,52846,33,26
1395,52867,34,26
1396,52917,35,26
1397,53092,36,26
1398,53119,37,26
1399,53144,38,26
1400,53169,39,26
1401,53378,40,26
1402,53462,1,27
1403,53489,2,27
1404,53515,3,27
1405,53539,4,27
1406,53564,5,27
1407,53590,6,27
1408,53618,7,27
1409,53654,8,27
1410,53676,9,27
1411,53702,10,27
1412,53726,11,27
1413,53756,12,27
1414,53778,13,27
1415,53799,14,27
1416,53829,15,27
1417,53857,16,27
1418,53875,17,27
1419,53899,18,27
1420,53922,19,27
1421,53947,20,27
1422,53967,21,27
1423,54002,22,27
1424,54023,23,27
1425,54041,24,27
1426,54076,25,27
1427,54110,26,27
1428,54131,27,27
1429,54155,28,27
1430,54186,29,27
1431,54206,30,27
1432,54321,31,27
1433,54334,32,27
1434,54406,33,27
1435,54428,34,27
1436,54456,35,27
1437,54484,36,27
1438,54503,37,27
1439,54552,38,27
1440,54567,39,27
1441,54585,40,27
1442,54608,41,27
1443,54630,42,27
1444,54654,43,27
1445,54681,44,27
1446,55026,45,27
1447,55292,46,27
1448,55377,1,28
1449,55403,2,28
1450,55427,3,28
1451,55452,4,28
1452,55478,5,28
1453,55503,6,28
1454,55528,7,28
1455,55551,8,28
1456,55578,9,28
1457,55600,10,28
1458,55624,11,28
1459,55650,12,28
1460,55673,13,28
1461,55697,14,28
1462,55719,15,28
1463,55738,16,28
1464,55833,17,28
1465,56062,18,28
1466,56088,19,28
1467,56288,20,28
1468,56373,1,29
1469,56399,2,29
1470,56424,3,29
1471,56449,4,29
1472,56474,5,29
1473,56496,6,29
1474,56518,7,29
1475,56540,8,29
1476,56561,9,29
1477,56580,10,29
1478,56602,11,29
1479,56628,12,29
1480,56652,13,29
1481,56678,14,29
1482,56705,15,29
1483,56726,16,29
1484,56751,17,29
1485,56773,18,29
1486,56792,19,29
1487,56811,20,29
1488,56836,21,29
1489,56859,22,29
1490,56880,23,29
1491,56903,24,29
1492,56922,25,29
1493,56957,26,29
1494,56993,27,29
1495,57011,28,29
1496,57042,29,29
1497,57064,30,29
1498,57100,31,29
1499,57117,32,29
1500,57211,33,29
1501,57230,34,29
1502,57259,35,29
1503,57277,36,29
1504,57306,37,29
1505,57345,38,29
1506,57389,39,29
1507,57434,40,29
1508,57496,41,29
1509,57516,42,29
1510,57529,43,29
1511,58102,44,29
1512,58128,45,29
1513,58152,46,29
1514,58176,47,29
1515,58198,48,29
1516,58224,49,29
1517,58250,50,29
1518,58274,51,29
1519,58297,52,29
1520,58317,53,29
1521,58509,54,29
1522,58594,1,30
1523,58620,2,30
1524,58644,3,30
1525,58670,4,30
1526,58697,5,30
1527,58723,6,30
1528,58748,7,30
1529,58772,8,30
1530,58795,9,30
1531,58819,10,30
1532,58842,11,30
1533,58864,12,30
1534,58884,13,30
1535,58907,14,30
1536,58928,15,30
1537,58948,16,30
1538,58972,17,30
1539,58990,18,30
1540,59010,19,30
1541,59028,20,30
1542,59060,21,30
1543,59085,22,30
1544,59106,23,30
1545,59125,24,30
1546,59159,25,30
1547,59177,26,30
1548,59194,27,30
1549,59240,28,30
1550,59262,29,30
1551,59295,30,30
1552,59315,31,30
1553,59333,32,30
1554,59365,33,30
1555,59907,34,30
1556,59933,35,30
1557,59959,36,30
1558,59983,37,30
1559,60010,38,30
1560,60031,39,30
1561,60066,40,30
1562,60086,41,30
1563,60108,42,30
1564,60130,43,30
1565,60148,44,30
1566,60168,45,30
1567,60192,46,30
1568,60211,47,30
1569,60229,48,30
1570,60251,49,30
1571,60298,50,30
1572,60344,51,30
1573,60369,52,30
1574,60565,53,30
1575,60649,1,31
1576,60675,2,31
1577,60702,3,31
1578,60729,4,31
1579,60754,5,31
1580,60776,6,31
1581,60801,7,31
1582,60933,8,31
1583,60958,9,31
1584,60985,10,31
1585,61011,11,31
1586,61035,12,31
1587,61060,13,31
1588,61083,14,31
1589,61108,15,31
1590,61129,16,31
1591,61153,17,31
1592,61190,18,31
1593,61288,19,31
1594,61315,20,31
1595,61334,21,31
1596,61358,22,31
1597,61391,23,31
1598,61413,24,31
1599,61436,25,31
1600,61468,26,31
1601,61488,27,31
1602,61522,28,31
1603,61544,29,31
1604,61576,30,31
1605,61594,31,31
1606,61611,32,31
1607,61630,33,31
1608,61652,34,31
1609,61668,35,31
1610,61685,36,31
1611,61708,37,31
1612,61853,38,31
1613,61867,39,31
1614,61888,40,31
1615,61917,41,31
1616,61936,42,31
1617,61956,43,31
1618,61976,44,31
1619,62004,45,31
1620,62071,46,31
1621,62125,47,31
1622,62150,48,31
1623,62182,49,31
1624,62211,50,31
1625,62542,51,31
1626,62654,52,31
1627,62678,53,31
1628,62709,54,31
1629,62733,55,31
1630,62755,56,31
1631,62776,57,31
1632,62796,58,31
1633,62814,59,31
1634,62894,60,31
1635,63123,61,31
1636,63207,1,32
1637,63233,2,32
1638,63258,3,32
1639,63285,4,32
1640,63310,5,32
1641,63335,6,32
1642,63358,7,32
1643,63393,8,32
1644,63417,9,32
1645,63438,10,32
1646,63459,11,32
1647,63482,12,32
1648,63508,13,32
1649,63545,14,32
1650,63569,15,32
1651,63592,16,32
1652,63623,17,32
1653,63655,18,32
1654,63682,19,32
1655,63704,20,32
1656,63735,21,32
1657,63754,22,32
1658,63775,23,32
1659,63803,24,32
1660,63822,25,32
1661,63850,26,32
1662,63868,27,32
1663,63885,28,32
1664,63903,29,32
1665,63929,30,32
1666,63961,31,32
1667,63979,32,32
1668,64147,33,32
1669,64271,34,32
1670,64312,35,32
1671,64380,36,32
1672,64432,37,32
1673,64475,38,32
1674,64517,39,32
1675,64533,40,32
1676,64557,41,32
1677,64625,42,32
1678,64885,43,32
1679,64971,1,33
1680,64996,2,33
1681,65022,3,33
1682,65048,4,33
1683,65075,5,33
1684,65099,6,33
1685,65126,7,33
1686,65150,8,33
1687,65174,9,33
1688,65198,10,33
1689,65221,11,33
1690,65243,12,33
1691,65265,13,33
1692,65286,14,33
1693,65311,15,33
1694,65332,16,33
1695,65352,17,33
1696,65375,18,33
1697,65393,19,33
1698,65414,20,33
1699,65435,21,33
1700,65452,22,33
1701,65474,23,33
1702,65495,24,33
1703,65524,25,33
1704,65543,26,33
1705,65572,27,33
1706,65592,28,33
1707,65608,29,33
1708,65626,30,33
1709,65643,31,33
1710,65661,32,33
1711,65677,33,33
1712,65696,34,33
1713,65716,35,33
1714,65742,36,33
1715,65763,37,33
1716,65889,38,33
1717,66116,39,33
1718,66140,40,33
1719,66165,41,33
1720,66186,42,33
1721,66206,43,33
1722,66225,44,33
1723,66248,45,33
1724,66273,46,33
1725,66294,47,33
1726,66333,48,33
1727,66353,49,33
1728,66373,50,33
1729,66395,51,33
1730,66414,52,33
1731,66747,1,34
1732,66773,2,34
1733,66798,3,34
1734,66823,4,34
1735,66846,5,34
1736,66873,6,34
1737,66897,7,34
1738,66932,8,34
1739,66959,9,34
1740,66981,10,34
1741,67001,11,34
1742,67026,12,34
1743,67044,13,34
1744,67071,14,34
1745,67094,15,34
1746,67116,16,34
1747,67140,17,34
1748,67161,18,34
1749,67182,19,34
1750,67203,20,34
1751,67222,21,34
1752,67254,22,34
1753,67289,23,34
1754,67310,24,34
1755,67329,25,34
1756,67350,26,34
1757,67377,27,34
1758,67394,28,34
1759,67411,29,34
1760,67430,30,34
1761,67448,31,34
1762,67532,32,34
1763,67548,33,34
1764,67564,34,34
1765,68036,35,34
1766,68062,36,34
1767,68088,37,34
1768,68269,38,34
1769,68354,1,35
1770,68380,2,35
1771,68406,3,35
1772,68433,4,35
1773,68459,5,35
1774,68484,6,35
1775,68509,7,35
1776,68532,8,35
1777,68569,9,35
1778,68594,10,35
1779,68617,11,35
1780,68641,12,35
1781,68664,13,35
1782,68699,14,35
1783,68722,15,35
1784,68743,16,35
1785,68765,17,35
1786,68785,18,35
1787,68828,19,35
1788,68861,20,35
1789,68883,21,35
1790,68903,22,35
1791,68922,23,35
1792,68945,24,35
1793,68965,25,35
1794,68984,26,35
1795,69002,27,35
1796,69020,28,35
1797,69038,29,35
1798,69072,30,35
1799,69098,31,35
1800,69117,32,35
1801,69217,33,35
1802,69235,34,35
1803,69254,35,35
1804,69285,36,35
1805,69303,37,35
1806,69349,38,35
1807,69375,39,35
1808,69403,40,35
1809,70026,41,35
1810,70076,42,35
1811,70268,43,35
1812,70365,1,36
1813,70392,2,36
1814,70418,3,36
1815,70445,4,36
1816,70473,5,36
1817,70499,6,36
1818,70522,7,36
1819,70548,8,36
1820,70573,9,36
1821,70598,10,36
1822,70622,11,36
1823,70646,12,36
1824,70668,13,36
1825,70690,14,36
1826,70712,15,36
1827,70734,16,36
1828,70755,17,36
1829,70778,18,36
1830,70797,19,36
1831,70816,20,36
1832,70836,21,36
1833,70857,22,36
1834,70875,23,36
1835,70894,24,36
1836,70913,25,36
1837,70930,26,36
1838,70948,27,36
1839,70964,28,36
1840,70980,29,36
1841,70997,30,36
1842,71017,31,36
1843,71036,32,36
1844,71162,33,36
1845,71342,34,36
1846,71364,35,36
1847,71468,36,36
1848,71491,37,36
1849,71724,38,36
1850,71906,39,36
1851,71990,1,37
1852,72017,2,37
1853,72041,3,37
1854,72064,4,37
1855,72098,5,37
1856,72126,6,37
1857,72162,7,37
1858,72187,8,37
1859,72212,9,37
1860,72237,10,37
1861,72260,11,37
1862,72284,12,37
1863,72308,13,37
1864,72343,14,37
1865,72375,15,37
1866,72394,16,37
1867,72416,17,37
1868,72436,18,37
1869,72455,19,37
1870,72476,20,37
1871,72501,21,37
1872,72521,22,37
1873,72546,23,37
1874,72564,24,37
1875,72611,25,37
1876,72634,26,37
1877,72651,27,37
1878,72673,28,37
1879,72694,29,37
1880,72727,30,37
1881,72755,31,37
1882,72937,32,37
1883,72961,33,37
1884,72983,34,37
1885,73004,35,37
1886,73024,36,37
1887,73211,37,37
1888,73295,1,38
1889,73321,2,38
1890,73345,3,38
1891,73371,4,38
1892,73396,5,38
1893,73420,6,38
1894,73442,7,38
1895,73466,8,38
1896,73489,9,38
1897,73512,10,38
1898,73538,11,38
1899,73560,12,38
1900,73582,13,38
1901,73602,14,38
1902,73622,15,38
1903,73641,16,38
1904,73662,17,38
1905,73681,18,38
1906,73708,19,38
1907,73732,20,38
1908,73755,21,38
1909,73778,22,38
1910,73795,23,38
1911,73818,24,38
1912,73834,25,38
1913,73854,26,38
1914,73872,27,38
1915,73890,28,38
1916,73911,29,38
1917,73930,30,38
1918,73974,31,38
1919,74020,32,38
1920,74054,33,38
1921,74169,34,38
1922,74392,35,38
1923,74612,36,38
1924,74640,37,38
1925,74667,38,38
1926,74693,39,38
1927,74718,40,38
1928,74742,41,38
1929,74767,42,38
1930,74791,43,38
1931,74814,44,38
1932,74836,45,38
1933,74858,46,38
1934,74881,47,38
1935,74902,48,38
1936,74924,49,38
1937,74944,50,38
1938,74964,51,38
1939,74998,52,38
1940,75021,53,38
1941,75062,54,38
1942,75252,55,38
1943,75335,1,39
1944,75361,2,39
1945,75387,3,39
1946,75415,4,39
1947,75440,5,39
1948,75464,6,39
1949,75489,7,39
1950,75513,8,39
1951,75536,9,39
1952,75557,10,39
1953,75583,11,39
1954,75610,12,39
1955,75634,13,39
1956,75657,14,39
1957,75679,15,39
1958,75700,16,39
1959,75722,17,39
1960,75757,18,39
1961,75780,19,39
1962,75801,20,39
1963,75821,21,39
1964,75839,22,39
1965,75858,23,39
1966,75878,24,39
1967,75898,25,39
1968,75917,26,39
1969,75934,27,39
1970,75963,28,39
1971,75981,29,39
1972,75998,30,39
1973,76056,31,39
1974,76075,32,39
1975,76187,33,39
1976,76205,34,39
1977,76228,35,39
1978,76247,36,39
1979,76268,37,39
1980,76282,38,39
1981,76424,39,39
1982,76573,40,39
1983,76832,41,39
1984,76858,42,39
1985,77057,43,39
1986,77142,1,40
1987,77170,2,40
1988,77195,3,40
1989,77220,4,40
1990,77246,5,40
1991,77273,6,40
1992,77298,7,40
1993,77324,8,40
1994,77349,9,40
1995,77371,10,40
1996,77396,11,40
1997,77418,12,40
1998,77442,13,40
1999,77464,14,40
2000,77485,15,40
2001,77506,16,40
2002,77525,17,40
2003,77545,18,40
2004,77567,19,40
2005,77588,20,40
2006,77607,21,40
2007,77625,22,40
2008,77642,23,40
2009,77659,24,40
2010,77690,25,40
2011,77713,26,40
2012,77734,27,40
2013,77753,28,40
2014,77786,29,40
2015,77819,30,40
2016,77846,31,40
2017,77899,32,40
2018,77927,33,40
2019,78147,34,40
2020,78159,35,40
2021,78172,36,40
2022,78194,37,40
2023,78213,38,40
2024,78239,39,40
2025,78256,40,40
2026,78279,41,40
2027,78308,42,40
2028,78326,43,40
2029,78345,44,40
2030,78364,45,40
2031,78391,46,40
2032,78408,47,40
2033,78467,48,40
2034,78484,49,40
2035,78734,50,40
2036,78819,1,41
2037,78845,2,41
2038,78871,3,41
2039,78895,4,41
2040,78922,5,41
2041,78948,6,41
2042,78974,7,41
2043,78999,8,41
2044,79033,9,41
2045,79057,10,41
2046,79079,11,41
2047,79100,12,41
2048,79120,13,41
2049,79141,14,41
2050,79164,15,41
2051,79188,16,41
2052,79211,17,41
2053,79236,18,41
2054,79255,19,41
2055,79291,20,41
2056,79310,21,41
2057,79328,22,41
2058,79362,23,41
2059,79391,24,41
2060,79411,25,41
2061,79428,26,41
2062,79445,27,41
2063,79477,28,41
2064,79497,29,41
2065,79518,30,41
2066,79535,31,41
2067,79565,32,41
2068,79591,33,41
2069,79612,34,41
2070,79747,35,41
2071,79766,36,41
2072,79783,37,41
2073,79830,38,41
2074,79858,39,41
2075,79885,40,41
2076,79920,41,41
2077,80023,42,41
2078,80043,43,41
2079,80061,44,41
2080,80091,45,41
2081,80112,46,41
2082,80142,47,41
2083,80166,48,41
2084,80208,49,41
2085,80232,50,41
2086,80288,51,41
2087,80839,52,41
2088,81071,53,41
2089,81155,1,42
2090,81183,2,42
2091,81207,3,42
2092,81232,4,42
2093,81256,5,42
2094,81279,6,42
2095,81301,7,42
2096,81329,8,42
2097,81350,9,42
2098,81375,10,42
2099,81398,11,42
2100,81420,12,42
2101,81440,13,42
2102,81461,14,42
2103,81482,15,42
2104,81509,16,42
2105,81535,17,42
2106,81560,18,42
2107,81584,19,42
2108,81618,20,42
2109,81640,21,42
2110,81659,22,42
2111,81681,23,42
2112,81712,24,42
2113,81732,25,42
2114,81750,26,42
2115,81768,27,42
2116,81786,28,42
2117,81816,29,42
2118,81832,30,42
2119,81849,31,42
2120,81864,32,42
2121,82103,33,42
2122,82187,1,43
2123,82214,2,43
2124,82238,3,43
2125,82271,4,43
2126,82298,5,43
2127,82327,6,43
2128,82360,7,43
2129,82386,8,43
2130,82411,9,43
2131,82435,10,43
2132,82458,11,43
2133,82479,12,43
2134,82503,13,43
2135,82527,14,43
2136,82548,15,43
2137,82571,16,43
2138,82600,17,43
2139,82620,18,43
2140,82643,19,43
2141,82666,20,43
2142,82688,21,43
2143,82707,22,43
2144,82725,23,43
2145,82743,24,43
2146,82763,25,43
2147,82781,26,43
2148,82824,27,43
2149,82845,28,43
2150,82864,29,43
2151,82887,30,43
2152,82904,31,43
2153,83002,32,43
2154,83020,33,43
2155,83074,34,43
2156,83157,35,43
2157,83186,36,43
2158,83235,37,43
2159,83418,38,43
2160,83435,39,43
2161,83638,40,43
2162,83722,1,44
2163,83750,2,44
2164,83775,3,44
2165,83798,4,44
2166,83821,5,44
2167,83845,6,44
2168,83872,7,44
2169,83895,8,44
2170,83915,9,44
2171,83942,10,44
2172,83978,11,44
2173,84014,12,44
2174,84038,13,44
2175,84061,14,44
2176,84083,15,44
2177,84103,16,44
2178,84126,17,44
2179,84147,18,44
2180,84165,19,44
2181,84182,20,44
2182,84203,21,44
2183,84239,22,44
2184,84257,23,44
2185,84273,24,44
2186,84290,25,44
2187,84314,26,44
2188,84438,27,44
2189,84460,28,44
2190,84478,29,44
2191,84497,30,44
2192,84729,31,44
2193,84868,32,44
2194,84892,33,44
2195,84915,34,44
2196,84941,35,44
2197,84963,36,44
2198,85000,37,44
2199,85023,38,44
2200,85044,39,44
2201,85078,40,44
2202,85107,41,44
2203,85126,42,44
2204,85150,43,44
2205,85396,44,44
2206,85484,1,45
2207,85510,2,45
2208,85535,3,45
2209,85561,4,45
2210,85652,5,45
2211,85678,6,45
2212,85705,7,45
2213,85731,8,45
2214,85755,9,45
2215,85780,10,45
2216,85805,11,45
2217,85829,12,45
2218,85962,13,45
2219,85989,14,45
2220,86015,15,45
2221,86039,16,45
2222,86104,17,45
2223,86126,18,45
2224,86152,19,45
2225,86176,20,45
2226,86364,21,45
2227,86450,1,46
2228,86476,2,46
2229,86502,3,46
2230,86537,4,46
2231,86563,5,46
2232,86597,6,46
2233,86621,7,46
2234,86644,8,46
2235,86667,9,46
2236,86694,10,46
2237,86721,11,46
2238,86742,12,46
2239,86765,13,46
2240,86791,14,46
2241,86812,15,46
2242,86845,16,46
2243,86869,17,46
2244,86889,18,46
2245,86909,19,46
2246,86928,20,46
2247,86948,21,46
2248,86965,22,46
2249,86989,23,46
2250,87032,24,46
2251,87054,25,46
2252,87073,26,46
2253,87090,27,46
2254,87107,28,46
2255,87126,29,46
2256,87143,30,46
2257,87160,31,46
2258,87176,32,46
2259,87251,33,46
2260,87268,34,46
2261,87287,35,46
2262,87311,36,46
2263,87537,37,46
2264,87841,38,46
2265,87867,39,46
2266,87891,40,46
2267,88074,41,46
2268,88162,1,47
2269,88188,2,47
2270,88213,3,47
2271,88239,4,47
2272,88263,5,47
2273,88288,6,47
2274,88316,7,47
2275,88337,8,47
2276,88374,9,47
2277,88398,10,47
2278,88425,11,47
2279,88449,12,47
2280,88472,13,47
2281,88497,14,47
2282,88519,15,47
2283,88539,16,47
2284,88564,17,47
2285,88585,18,47
2286,88609,19,47
2287,88630,20,47
2288,88650,21,47
2289,88671,22,47
2290,88700,23,47
2291,88718,24,47
2292,88736,25,47
2293,88766,26,47
2294,88785,27,47
2295,88812,28,47
2296,88829,29,47
2297,88873,30,47
2298,88890,31,47
2299,89000,32,47
2300,89019,33,47
2301,89037,34,47
2302,89250,35,47
2303,89308,36,47
2304,89330,37,47
2305,89353,38,47
2306,89374,39,47
2307,89396,40,47
2308,89417,41,47
2309,89438,42,47
2310,89469,43,47
2311,89490,44,47
2312,89508,45,47
2313,89525,46,47
2314,89544,47,47
2315,89564,48,47
2316,89860,49,47
2317,89958,50,47
2318,89984,51,47
2319,90033,52,47
2320,90069,53,47
2321,90093,54,47
2322,90116,55,47
2323,90140,56,47
2324,90161,57,47
2325,90181,58,47
2326,90207,59,47
2327,90226,60,47
2328,90265,61,47
2329,90293,62,47
2330,90319,63,47
2331,90520,64,47
2332,90620,1,48
2333,90645,2,48
2334,90670,3,48
2335,90695,4,48
2336,90722,5,48
2337,90747,6,48
2338,90772,7,48
2339,90794,8,48
2340,90818,9,48
2341,90841,10,48
2342,90864,11,48
2343,90898,12,48
2344,90925,13,48
2345,90949,14,48
2346,90980,15,48
2347,91003,16,48
2348,91022,17,48
2349,91046,18,48
2350,91080,19,48
2351,91109,20,48
2352,91142,21,48
2353,91163,22,48
2354,91182,23,48
2355,91203,24,48
2356,91221,25,48
2357,91282,26,48
2358,91301,27,48
2359,91318,28,48
2360,91351,29,48
2361,91381,30,48
2362,91451,31,48
2363,91472,32,48
2364,91493,33,48
2365,91526,34,48
2366,91629,35,48
2367,91641,36,48
2368,91659,37,48
2369,91675,38,48
2370,91859,39,48
2371,91905,40,48
2372,91924,41,48
2373,91982,42,48
2374,92010,43,48
2375,92029,44,48
2376,92047,45,48
2377,92067,46,48
2378,92084,47,48
2379,92102,48,48
2380,92123,49,48
2381,92152,50,48
2382,92294,51,48
2383,92311,52,48
2384,92330,53,48
2385,92349,54,48
2386,92376,55,48
2387,92393,56,48
2388,92405,57,48
2389,92493,58,48
2390,92638,59,48
2391,92664,60,48
2392,92684,61,48
2393,92708,62,48
2394,92727,63,48
2395,93003,64,48
2396,93102,1,49
2397,93130,2,49
2398,93154,3,49
2399,93177,4,49
2400,93201,5,49
2401,93226,6,49
2402,93252,7,49
2403,93275,8,49
2404,93297,9,49
2405,93324,10,49
2406,93346,11,49
2407,93367,12,49
2408,93387,13,49
2409,93412,14,49
2410,93434,15,49
2411,93454,16,49
2412,93475,17,49
2413,93493,18,49
2414,93529,19,49
2415,93552,20,49
2416,93570,21,49
2417,93587,22,49
2418,93610,23,49
2419,93632,24,49
2420,93663,25,49
2421,93694,26,49
2422,93715,27,49
2423,93746,28,49
2424,93846,29,49
2425,93865,30,49
2426,93885,31,49
2427,93903,32,49
2428,93920,33,49
2429,94133,34,49
2430,94404,35,49
2431,94430,36,49
2432,94456,37,49
2433,94481,38,49
2434,94683,39,49
2435,94783,1,50
2436,94808,2,50
2437,94833,3,50
2438,94859,4,50
2439,94883,5,50
2440,94911,6,50
2441,94935,7,50
2442,94963,8,50
2443,94985,9,50
2444,95010,10,50
2445,95030,11,50
2446,95055,12,50
2447,95077,13,50
2448,95102,14,50
2449,95125,15,50
2450,95148,16,50
2451,95169,17,50
2452,95189,18,50
2453,95222,19,50
2454,95245,20,50
2455,95265,21,50
2456,95285,22,50
2457,95303,23,50
2458,95324,24,50
2459,95342,25,50
2460,95364,26,50
2461,95382,27,50
2462,95399,28,50
2463,95415,29,50
2464,95432,30,50
2465,95448,31,50
2466,95530,32,50
2467,95545,33,50
2468,95660,34,50
2469,95685,35,50
2470,95706,36,50
2471,95723,37,50
2472,95742,38,50
2473,95759,39,50
2474,95778,40,50
2475,95797,41,50
2476,95812,42,50
2477,95828,43,50
2478,95995,44,50
2479,96038,45,50
2480,96071,46,50
2481,96094,47,50
2482,96112,48,50
2483,96145,49,50
2484,96162,50,50
2485,96182,51,50
2486,96517,52,50
2487,96573,53,50
2488,96597,54,50
2489,96623,55,50
2490,96647,56,50
2491,96671,57,50
2492,96693,58,50
2493,96882,59,50
2494,96966,1,51
2495,96996,2,51
2496,97020,3,51
2497,97044,4,51
2498,97069,5,51
2499,97092,6,51
2500,97185,7,51
2501,97239,8,51
2502,97265,9,51
2503,97292,10,51
2504,97316,11,51
2505,97339,12,51
2506,97363,13,51
2507,97385,14,51
2508,97420,15,51
2509,97443,16,51
2510,97482,17,51
2511,97530,18,51
2512,97557,19,51
2513,97590,20,51
2514,97610,21,51
2515,97630,22,51
2516,97648,23,51
2517,97707,24,51
2518,97725,25,51
2519,97789,26,51
2520,97810,27,51
2521,97828,28,51
2522,97846,29,51
2523,97884,30,51
2524,97919,31,51
2525,97937,32,51
2526,98289,33,51
2527,98314,34,51
2528,98336,35,51
2529,98359,36,51
2530,98383,37,51
2531,98404,38,51
2532,98425,39,51
2533,98457,40,51
2534,98476,41,51
2535,98508,42,51
2536,98528,43,51
2537,98548,44,51
2538,98565,45,51
2539,98583,46,51
2540,98600,47,51
2541,98631,48,51
2542,98647,49,51
2543,98830,50,51
2544,98916,1,52
2545,98943,2,52
2546,98969,3,52
2547,98997,4,52
2548,99023,5,52
2549,99048,6,52
2550,99074,7,52
2551,99098,8,52
2552,99122,9,52
2553,99144,10,52
2554,99169,11,52
2555,99191,12,52
2556,99228,13,52
2557,99248,14,52
2558,99266,15,52
2559,99288,16,52
2560,99312,17,52
2561,99330,18,52
2562,99352,19,52
2563,99376,20,52
2564,99464,21,52
2565,99486,22,52
2566,99752,23,52
2567,99775,24,52
2568,99800,25,52
2569,99834,26,52
2570,99858,27,52
