,Frame
0,116
1,142
2,169
3,192
4,217
5,243
6,271
7,294
8,317
9,339
10,365
11,389
12,410
13,433
14,456
15,477
16,497
17,524
18,547
19,570
20,589
21,608
22,625
23,672
24,695
25,717
26,737
27,754
28,774
29,801
30,837
31,864
32,892
33,962
34,976
35,1008
36,1033
37,1136
38,1157
39,1218
40,1240
41,1259
42,1279
43,1301
44,1327
45,1356
46,1389
47,1407
48,1693
49,1924
50,2007
51,2034
52,2058
53,2083
54,2108
55,2130
56,2152
57,2215
58,2243
59,2270
60,2294
61,2315
62,2341
63,2371
64,2392
65,2419
66,2438
67,2462
68,2484
69,2505
70,2524
71,2545
72,2563
73,2586
74,2649
75,2666
76,2684
77,2704
78,2723
79,2745
80,2853
81,2891
82,2912
83,2927
84,2943
85,3150
86,3236
87,3263
88,3289
89,3314
90,3339
91,3361
92,3386
93,3407
94,3426
95,3477
96,3504
97,3530
98,3550
99,3583
100,3606
101,3626
102,3650
103,3672
104,3707
105,3725
106,3748
107,3768
108,3787
109,3807
110,3840
111,3856
112,3874
113,3895
114,3913
115,3928
116,3945
117,3990
118,4021
119,4040
120,4062
121,4078
122,4283
123,4306
124,4534
125,4618
126,4646
127,4670
128,4696
129,4722
130,4745
131,4770
132,4795
133,4821
134,4846
135,4882
136,4903
137,4927
138,4949
139,4971
140,4990
141,5013
142,5034
143,5055
144,5078
145,5111
146,5133
147,5163
148,5183
149,5202
150,5220
151,5237
152,5256
153,5273
154,5291
155,5309
156,5338
157,5356
158,5379
159,5395
160,5592
161,5607
162,5639
163,5657
164,5684
165,5718
166,5743
167,5759
168,5776
169,5794
170,5817
171,5835
172,5871
173,5895
174,5914
175,5953
176,5999
177,6041
178,6484
179,6540
180,6565
181,6588
182,6610
183,6632
184,6654
185,6675
186,6695
187,6721
188,6750
189,6783
190,6800
191,6836
192,6855
193,6890
194,6912
195,6935
196,6956
197,7142
198,7226
199,7251
200,7277
201,7304
202,7330
203,7356
204,7381
205,7403
206,7427
207,7451
208,7474
209,7501
210,7521
211,7543
212,7564
213,7583
214,7602
215,7624
216,7644
217,7661
218,7681
219,7706
220,7723
221,7747
222,7770
223,7792
224,7813
225,7832
226,7859
227,7876
228,7894
229,7912
230,7933
231,7995
232,8011
233,8028
234,8046
235,8234
236,8258
237,8277
238,8455
239,8478
240,8539
241,8565
242,8589
243,8615
244,8639
245,8693
246,8716
247,8739
248,8786
249,8807
250,8829
251,8867
252,8905
253,8922
254,8945
255,8964
256,8983
257,9003
258,9025
259,9046
260,9072
261,9093
262,9112
263,9141
264,9163
265,9189
266,9210
267,9229
268,9259
269,9303
270,9333
271,9362
272,9381
273,9398
274,9437
275,9578
276,9607
277,9627
278,9647
279,9666
280,9694
281,9712
282,9739
283,9768
284,9821
285,9850
286,9864
287,10371
288,10597
289,10680
290,10707
291,10731
292,10755
293,10779
294,10807
295,10830
296,10852
297,10875
298,10896
299,10918
300,10945
301,10969
302,10990
303,11013
304,11036
305,11072
306,11091
307,11119
308,11138
309,11162
310,11180
311,11200
312,11218
313,11236
314,11259
315,11279
316,11297
317,11331
318,11352
319,11389
320,11406
321,11425
322,11482
323,11564
324,11597
325,11655
326,11686
327,11953
328,11974
329,11994
330,12012
331,12043
332,12061
333,12090
334,12110
335,12131
336,12150
337,12169
338,12191
339,12211
340,12238
341,12273
342,12300
343,12321
344,12341
345,12361
346,12735
347,13020
348,13191
349,13275
350,13301
351,13325
352,13349
353,13372
354,13397
355,13422
356,13449
357,13472
358,13494
359,13515
360,13542
361,13566
362,13601
363,13631
364,13650
365,13668
366,13703
367,13725
368,13752
369,13785
370,13808
371,13829
372,13852
373,13873
374,13894
375,13908
376,13925
377,13944
378,13962
379,14005
380,14025
381,14069
382,14094
383,14173
384,14484
385,14507
386,14531
387,14554
388,14584
389,14610
390,14629
391,14659
392,14683
393,14703
394,14722
395,14740
396,14758
397,14780
398,14899
399,15054
400,15080
401,15103
402,15128
403,15148
404,15362
405,15447
406,15474
407,15500
408,15525
409,15550
410,15573
411,15597
412,15620
413,15643
414,15670
415,15696
416,15721
417,15742
418,15766
419,15796
420,15820
421,15844
422,15866
423,15886
424,15905
425,15936
426,15958
427,15976
428,15995
429,16015
430,16184
431,16208
432,16229
433,16247
434,16266
435,16288
436,16307
437,16328
438,16344
439,16364
440,16414
441,16448
442,16489
443,16508
444,16538
445,16570
446,16970
447,16996
448,17201
449,17285
450,17313
451,17337
452,17361
453,17387
454,17413
455,17439
456,17462
457,17486
458,17508
459,17531
460,17552
461,17576
462,17596
463,17615
464,17636
465,17662
466,17679
467,17701
468,17722
469,17740
470,17761
471,17790
472,17815
473,17833
474,17852
475,17878
476,17894
477,17937
478,17953
479,17977
480,17999
481,18019
482,18036
483,18052
484,18067
485,18113
486,18144
487,18163
488,18183
489,18270
490,18288
491,18306
492,18478
493,18532
494,18553
495,18575
496,18595
497,18615
498,18633
499,18654
500,18673
501,19041
502,19098
503,19123
504,19148
505,19172
506,19196
507,19377
508,19462
509,19491
510,19516
511,19540
512,19568
513,19594
514,19619
515,19647
516,19671
517,19693
518,19718
519,19741
520,19765
521,19788
522,19813
523,19835
524,19880
525,19901
526,19922
527,19944
528,19965
529,19983
530,20006
531,20035
532,20054
533,20083
534,20109
535,20133
536,20153
537,20169
538,20206
539,20222
540,20394
541,20426
542,20445
543,20465
544,20484
545,20513
546,20532
547,20549
548,20574
549,20590
550,20633
551,20660
552,20684
553,20699
554,20721
555,20763
556,21221
557,21358
558,21386
559,21411
560,21436
561,21470
562,21492
563,21512
564,21537
565,21789
566,21872
567,21898
568,21922
569,21947
570,21972
571,21996
572,22020
573,22045
574,22068
575,22095
576,22121
577,22144
578,22168
579,22189
580,22210
581,22231
582,22252
583,22271
584,22292
585,22315
586,22334
587,22357
588,22376
589,22398
590,22423
591,22444
592,22463
593,22523
594,22553
595,22571
596,22588
597,22606
598,22762
599,22782
600,22951
601,22979
602,23001
603,23020
604,23038
605,23057
606,23081
607,23104
608,23124
609,23146
610,23175
611,23196
612,23231
613,23384
614,23404
615,23425
616,23453
617,23590
618,23663
619,23682
620,23712
621,23727
622,23770
623,23785
624,23935
625,24051
626,24222
627,24306
628,24332
629,24356
630,24380
631,24405
632,24431
633,24465
634,24500
635,24528
636,24550
637,24580
638,24608
639,24632
640,24664
641,24689
642,24710
643,24730
644,24748
645,24780
646,24799
647,24823
648,24844
649,24862
650,24883
651,24906
652,24924
653,24945
654,24962
655,24980
656,25011
657,25029
658,25048
659,25183
660,25203
661,25221
662,25242
663,25258
664,25275
665,25301
666,25321
667,25493
668,25636
669,25658
670,25680
671,25699
672,25719
673,25745
674,25762
675,25788
676,25817
677,25887
678,26116
679,26201
680,26227
681,26251
682,26279
683,26304
684,26328
685,26355
686,26380
687,26407
688,26428
689,26453
690,26477
691,26500
692,26520
693,26544
694,26575
695,26595
696,26616
697,26645
698,26669
699,26695
700,26712
701,26743
702,26760
703,26777
704,26808
705,26829
706,26863
707,26896
708,26925
709,26953
710,26986
711,27006
712,27039
713,27139
714,27157
715,27440
716,27523
717,27549
718,27575
719,27601
720,27623
721,27645
722,27671
723,27698
724,27722
725,27742
726,27768
727,27793
728,27816
729,27850
730,27870
731,27891
732,27909
733,27931
734,27950
735,27989
736,28010
737,28027
738,28046
739,28067
740,28086
741,28104
742,28150
743,28239
744,28276
745,28295
746,28312
747,28342
748,28359
749,28386
750,28424
751,28443
752,28466
753,28496
754,28597
755,28617
756,28638
757,28655
758,28674
759,28843
760,29108
761,29136
762,29161
763,29186
764,29211
765,29238
766,29264
767,29290
768,29313
769,29337
770,29359
771,29380
772,29403
773,29425
774,29446
775,29470
776,29489
777,29517
778,29538
779,29729
780,29814
781,29839
782,29866
783,29892
784,29916
785,29949
786,29971
787,29995
788,30023
789,30048
790,30083
791,30106
792,30126
793,30147
794,30167
795,30202
796,30222
797,30240
798,30273
799,30291
800,30314
801,30343
802,30361
803,30397
804,30417
805,30448
806,30465
807,30484
808,30570
809,30591
810,30614
811,30656
812,30691
813,30713
814,30729
815,30827
816,30846
817,30865
818,30896
819,30914
820,30931
821,30960
822,31186
823,31287
824,31313
825,31337
826,31521
827,31605
828,31632
829,31657
830,31679
831,31704
832,31727
833,31750
834,31776
835,31798
836,31826
837,31852
838,31885
839,31904
840,31925
841,31951
842,31977
843,32002
844,32025
845,32048
846,32068
847,32088
848,32135
849,32276
850,32301
851,32321
852,32339
853,32358
854,32668
855,32752
856,32778
857,32803
858,32828
859,32854
860,32879
861,32904
862,32929
863,32952
864,32974
865,32996
866,33016
867,33052
868,33072
869,33092
870,33120
871,33146
872,33169
873,33202
874,33220
875,33239
876,33267
877,33291
878,33315
879,33349
880,33366
881,33385
882,33416
883,33438
884,33456
885,33472
886,33652
887,33672
888,33690
889,33873
890,33957
891,33984
892,34008
893,34034
894,34057
895,34082
896,34108
897,34135
898,34161
899,34183
900,34218
901,34250
902,34271
903,34290
904,34316
905,34336
906,34370
907,34388
908,34412
909,34434
910,34455
911,34478
912,34501
913,34523
914,34542
915,34572
916,34590
917,34619
918,34637
919,34657
920,34674
921,34703
922,34735
923,34753
924,34833
925,34864
926,34886
927,34969
928,35171
929,35255
930,35281
931,35305
932,35331
933,35364
934,35397
935,35422
936,35447
937,35472
938,35496
939,35518
940,35542
941,35566
942,35590
943,35611
944,35633
945,35656
946,35675
947,35717
948,35740
949,35762
950,35780
951,35803
952,35824
953,35842
954,35861
955,35879
956,35898
957,35916
958,35944
959,36006
960,36082
961,36111
962,36129
963,36147
964,36194
965,36227
966,36276
967,36296
968,36313
969,36356
970,36373
971,36390
972,36409
973,36446
974,36477
975,36525
976,36642
977,36701
978,36718
979,36735
980,36752
981,36788
982,36839
983,36867
984,36882
985,36897
986,37113
987,37291
988,37320
989,37515
990,37600
991,37626
992,37650
993,37675
994,37703
995,37730
996,37755
997,37780
998,37802
999,37828
1000,37849
1001,37874
1002,37897
1003,37917
1004,37940
1005,37958
1006,37977
1007,38009
1008,38026
1009,38047
1010,38068
1011,38093
1012,38117
1013,38146
1014,38168
1015,38190
1016,38220
1017,38240
1018,38258
1019,38276
1020,38305
1021,38334
1022,38357
1023,38375
1024,38391
1025,38509
1026,38909
1027,38935
1028,38959
1029,38985
1030,39011
1031,39034
1032,39056
1033,39104
1034,39128
1035,39152
1036,39186
1037,39208
1038,39230
1039,39253
1040,39273
1041,39304
1042,39326
1043,39346
1044,39367
1045,39384
1046,39407
1047,39425
1048,39735
1049,39752
1050,39777
1051,39798
1052,39819
1053,39838
1054,39856
1055,39876
1056,39892
1057,40126
1058,40146
1059,40165
1060,40182
1061,40200
1062,40217
1063,40236
1064,40464
1065,40548
1066,40577
1067,40601
1068,40625
1069,40651
1070,40678
1071,40711
1072,40733
1073,40757
1074,40779
1075,40806
1076,40826
1077,40849
1078,40870
1079,40898
1080,40924
1081,40946
1082,40968
1083,40985
1084,41015
1085,41035
1086,41059
1087,41088
1088,41107
1089,41129
1090,41160
1091,41188
1092,41210
1093,41227
1094,41246
1095,41262
1096,41281
1097,41299
1098,41316
1099,41458
1100,41478
1101,41495
1102,41514
1103,41575
1104,41709
1105,41797
1106,41845
1107,41874
1108,41902
1109,41933
1110,41952
1111,42033
1112,42079
1113,42097
1114,42198
1115,42305
1116,42325
1117,42350
1118,42454
1119,42512
1120,42547
1121,42575
1122,42601
1123,42637
1124,42870
1125,42955
1126,42981
1127,43005
1128,43030
1129,43052
1130,43076
1131,43110
1132,43135
1133,43156
1134,43184
1135,43205
1136,43225
1137,43248
1138,43266
1139,43285
1140,43312
1141,43337
1142,43356
1143,43379
1144,43410
1145,43430
1146,43450
1147,43469
1148,43496
1149,43514
1150,43531
1151,43549
1152,43633
1153,43650
1154,43752
1155,43773
1156,43803
1157,43840
1158,43856
1159,43897
1160,43930
1161,43953
1162,43985
1163,44005
1164,44032
1165,44090
1166,44109
1167,44128
1168,44146
1169,44246
1170,44265
1171,44296
1172,44445
1173,44463
1174,44521
1175,44541
1176,44634
1177,44653
1178,44670
1179,44689
1180,44720
1181,44739
1182,44757
1183,44773
1184,44793
1185,44808
1186,44829
1187,45103
1188,45120
1189,45153
1190,45177
1191,45198
1192,45381
1193,45408
1194,45459
1195,45483
1196,45516
1197,45537
1198,45559
1199,45594
1200,45616
1201,45639
1202,45669
1203,45691
1204,45714
1205,45736
1206,45758
1207,45777
1208,45795
1209,45816
1210,45835
1211,45866
1212,45884
1213,46012
1214,46053
1215,46094
1216,46119
1217,46145
1218,46169
1219,46190
1220,46208
1221,46226
1222,46247
1223,46481
1224,46565
1225,46591
1226,46618
1227,46644
1228,46670
1229,46696
1230,46723
1231,46745
1232,46769
1233,46794
1234,46816
1235,46839
1236,46862
1237,46896
1238,46933
1239,46957
1240,46977
1241,46998
1242,47085
1243,47110
1244,47130
1245,47153
1246,47170
1247,47193
1248,47284
1249,47305
1250,47505
1251,47590
1252,47617
1253,47643
1254,47666
1255,47689
1256,47711
1257,47734
1258,47761
1259,47799
1260,47824
1261,47846
1262,47866
1263,47887
1264,47914
1265,47941
1266,47965
1267,47988
1268,48006
1269,48031
1270,48050
1271,48072
1272,48094
1273,48128
1274,48201
1275,48219
1276,48237
1277,48257
1278,48281
1279,48303
1280,48324
1281,48341
1282,48393
1283,48440
1284,48458
1285,48478
1286,48512
1287,48527
1288,48670
1289,48693
1290,48713
1291,48753
1292,48909
1293,48939
1294,49016
1295,49038
1296,49059
1297,49075
1298,49098
1299,49115
1300,49253
1301,49271
1302,49298
1303,49314
1304,49331
1305,49455
1306,49474
1307,49493
1308,49674
1309,49759
1310,49786
1311,49812
1312,49835
1313,49860
1314,49882
1315,49906
1316,49931
1317,49958
1318,49980
1319,50002
1320,50052
1321,50072
1322,50092
1323,50114
1324,50139
1325,50156
1326,50193
1327,50213
1328,50237
1329,50260
1330,50278
1331,50299
1332,50317
1333,50339
1334,50355
1335,50393
1336,50479
1337,50497
1338,50527
1339,50671
1340,50694
1341,50715
1342,50734
1343,50753
1344,50796
1345,50825
1346,50840
1347,50897
1348,50933
1349,51131
1350,51189
1351,51212
1352,51240
1353,51265
1354,51298
1355,51318
1356,51336
1357,51353
1358,51374
1359,51393
1360,51411
1361,51429
1362,51670
1363,51755
1364,51781
1365,51805
1366,51830
1367,51854
1368,51881
1369,51903
1370,52033
1371,52060
1372,52085
1373,52111
1374,52134
1375,52155
1376,52179
1377,52207
1378,52229
1379,52254
1380,52288
1381,52381
1382,52402
1383,52436
1384,52471
1385,52607
1386,52634
1387,52658
1388,52683
1389,52709
1390,52733
1391,52756
1392,52778
1393,52800
1394,52825
1395,52846
1396,52867
1397,52917
1398,53092
1399,53119
1400,53144
1401,53169
1402,53378
1403,53462
1404,53489
1405,53515
1406,53539
1407,53564
1408,53590
1409,53618
1410,53654
1411,53676
1412,53702
1413,53726
1414,53756
1415,53778
1416,53799
1417,53829
1418,53857
1419,53875
1420,53899
1421,53922
1422,53947
1423,53967
1424,54002
1425,54023
1426,54041
1427,54076
1428,54110
1429,54131
1430,54155
1431,54186
1432,54206
1433,54321
1434,54334
1435,54406
1436,54428
1437,54456
1438,54484
1439,54503
1440,54552
1441,54567
1442,54585
1443,54608
1444,54630
1445,54654
1446,54681
1447,55026
1448,55292
1449,55377
1450,55403
1451,55427
1452,55452
1453,55478
1454,55503
1455,55528
1456,55551
1457,55578
1458,55600
1459,55624
1460,55650
1461,55673
1462,55697
1463,55719
1464,55738
1465,55833
1466,56062
1467,56088
1468,56288
1469,56373
1470,56399
1471,56424
1472,56449
1473,56474
1474,56496
1475,56518
1476,56540
1477,56561
1478,56580
1479,56602
1480,56628
1481,56652
1482,56678
1483,56705
1484,56726
1485,56751
1486,56773
1487,56792
1488,56811
1489,56836
1490,56859
1491,56880
1492,56903
1493,56922
1494,56957
1495,56993
1496,57011
1497,57042
1498,57064
1499,57100
1500,57117
1501,57211
1502,57230
1503,57259
1504,57277
1505,57306
1506,57345
1507,57389
1508,57434
1509,57496
1510,57516
1511,57529
1512,58102
1513,58128
1514,58152
1515,58176
1516,58198
1517,58224
1518,58250
1519,58274
1520,58297
1521,58317
1522,58509
1523,58594
1524,58620
1525,58644
1526,58670
1527,58697
1528,58723
1529,58748
1530,58772
1531,58795
1532,58819
1533,58842
1534,58864
1535,58884
1536,58907
1537,58928
1538,58948
1539,58972
1540,58990
1541,59010
1542,59028
1543,59060
1544,59085
1545,59106
1546,59125
1547,59159
1548,59177
1549,59194
1550,59240
1551,59262
1552,59295
1553,59315
1554,59333
1555,59365
1556,59907
1557,59933
1558,59959
1559,59983
1560,60010
1561,60031
1562,60066
1563,60086
1564,60108
1565,60130
1566,60148
1567,60168
1568,60192
1569,60211
1570,60229
1571,60251
1572,60298
1573,60344
1574,60369
1575,60565
1576,60649
1577,60675
1578,60702
1579,60729
1580,60754
1581,60776
1582,60801
1583,60933
1584,60958
1585,60985
1586,61011
1587,61035
1588,61060
1589,61083
1590,61108
1591,61129
1592,61153
1593,61190
1594,61288
1595,61315
1596,61334
1597,61358
1598,61391
1599,61413
1600,61436
1601,61468
1602,61488
1603,61522
1604,61544
1605,61576
1606,61594
1607,61611
1608,61630
1609,61652
1610,61668
1611,61685
1612,61708
1613,61853
1614,61867
1615,61888
1616,61917
1617,61936
1618,61956
1619,61976
1620,62004
1621,62071
1622,62125
1623,62150
1624,62182
1625,62211
1626,62542
1627,62654
1628,62678
1629,62709
1630,62733
1631,62755
1632,62776
1633,62796
1634,62814
1635,62894
1636,63123
1637,63207
1638,63233
1639,63258
1640,63285
1641,63310
1642,63335
1643,63358
1644,63393
1645,63417
1646,63438
1647,63459
1648,63482
1649,63508
1650,63545
1651,63569
1652,63592
1653,63623
1654,63655
1655,63682
1656,63704
1657,63735
1658,63754
1659,63775
1660,63803
1661,63822
1662,63850
1663,63868
1664,63885
1665,63903
1666,63929
1667,63961
1668,63979
1669,64147
1670,64271
1671,64312
1672,64380
1673,64432
1674,64475
1675,64517
1676,64533
1677,64557
1678,64625
1679,64885
1680,64909
1681,64971
1682,64996
1683,65022
1684,65048
1685,65075
1686,65099
1687,65126
1688,65150
1689,65174
1690,65198
1691,65221
1692,65243
1693,65265
1694,65286
1695,65311
1696,65332
1697,65352
1698,65375
1699,65393
1700,65414
1701,65435
1702,65452
1703,65474
1704,65495
1705,65524
1706,65543
1707,65572
1708,65592
1709,65608
1710,65626
1711,65643
1712,65661
1713,65677
1714,65696
1715,65716
1716,65742
1717,65763
1718,65889
1719,66116
1720,66140
1721,66165
1722,66186
1723,66206
1724,66225
1725,66248
1726,66273
1727,66294
1728,66333
1729,66353
1730,66373
1731,66395
1732,66414
1733,66673
1734,66747
1735,66773
1736,66798
1737,66823
1738,66846
1739,66873
1740,66897
1741,66932
1742,66959
1743,66981
1744,67001
1745,67026
1746,67044
1747,67071
1748,67094
1749,67116
1750,67140
1751,67161
1752,67182
1753,67203
1754,67222
1755,67254
1756,67289
1757,67310
1758,67329
1759,67350
1760,67377
1761,67394
1762,67411
1763,67430
1764,67448
1765,67532
1766,67548
1767,67564
1768,68036
1769,68062
1770,68088
1771,68269
1772,68354
1773,68380
1774,68406
1775,68433
1776,68459
1777,68484
1778,68509
1779,68532
1780,68569
1781,68594
1782,68617
1783,68641
1784,68664
1785,68699
1786,68722
1787,68743
1788,68765
1789,68785
1790,68828
1791,68861
1792,68883
1793,68903
1794,68922
1795,68945
1796,68965
1797,68984
1798,69002
1799,69020
1800,69038
1801,69072
1802,69098
1803,69117
1804,69217
1805,69235
1806,69254
1807,69285
1808,69303
1809,69349
1810,69375
1811,69403
1812,70026
1813,70076
1814,70268
1815,70365
1816,70392
1817,70418
1818,70445
1819,70473
1820,70499
1821,70522
1822,70548
1823,70573
1824,70598
1825,70622
1826,70646
1827,70668
1828,70690
1829,70712
1830,70734
1831,70755
1832,70778
1833,70797
1834,70816
1835,70836
1836,70857
1837,70875
1838,70894
1839,70913
1840,70930
1841,70948
1842,70964
1843,70980
1844,70997
1845,71017
1846,71036
1847,71162
1848,71342
1849,71364
1850,71468
1851,71491
1852,71724
1853,71906
1854,71990
1855,72017
1856,72041
1857,72064
1858,72098
1859,72126
1860,72162
1861,72187
1862,72212
1863,72237
1864,72260
1865,72284
1866,72308
1867,72343
1868,72375
1869,72394
1870,72416
1871,72436
1872,72455
1873,72476
1874,72501
1875,72521
1876,72546
1877,72564
1878,72611
1879,72634
1880,72651
1881,72673
1882,72694
1883,72727
1884,72755
1885,72937
1886,72961
1887,72983
1888,73004
1889,73024
1890,73211
1891,73295
1892,73321
1893,73345
1894,73371
1895,73396
1896,73420
1897,73442
1898,73466
1899,73489
1900,73512
1901,73538
1902,73560
1903,73582
1904,73602
1905,73622
1906,73641
1907,73662
1908,73681
1909,73708
1910,73732
1911,73755
1912,73778
1913,73795
1914,73818
1915,73834
1916,73854
1917,73872
1918,73890
1919,73911
1920,73930
1921,73974
1922,74020
1923,74054
1924,74169
1925,74392
1926,74612
1927,74640
1928,74667
1929,74693
1930,74718
1931,74742
1932,74767
1933,74791
1934,74814
1935,74836
1936,74858
1937,74881
1938,74902
1939,74924
1940,74944
1941,74964
1942,74998
1943,75021
1944,75062
1945,75252
1946,75335
1947,75361
1948,75387
1949,75415
1950,75440
1951,75464
1952,75489
1953,75513
1954,75536
1955,75557
1956,75583
1957,75610
1958,75634
1959,75657
1960,75679
1961,75700
1962,75722
1963,75757
1964,75780
1965,75801
1966,75821
1967,75839
1968,75858
1969,75878
1970,75898
1971,75917
1972,75934
1973,75963
1974,75981
1975,75998
1976,76056
1977,76075
1978,76187
1979,76205
1980,76228
1981,76247
1982,76268
1983,76282
1984,76424
1985,76573
1986,76832
1987,76858
1988,77057
1989,77142
1990,77170
1991,77195
1992,77220
1993,77246
1994,77273
1995,77298
1996,77324
1997,77349
1998,77371
1999,77396
2000,77418
2001,77442
2002,77464
2003,77485
2004,77506
2005,77525
2006,77545
2007,77567
2008,77588
2009,77607
2010,77625
2011,77642
2012,77659
2013,77690
2014,77713
2015,77734
2016,77753
2017,77786
2018,77819
2019,77846
2020,77899
2021,77927
2022,78147
2023,78159
2024,78172
2025,78194
2026,78213
2027,78239
2028,78256
2029,78279
2030,78308
2031,78326
2032,78345
2033,78364
2034,78391
2035,78408
2036,78467
2037,78484
2038,78734
2039,78757
2040,78819
2041,78845
2042,78871
2043,78895
2044,78922
2045,78948
2046,78974
2047,78999
2048,79033
2049,79057
2050,79079
2051,79100
2052,79120
2053,79141
2054,79164
2055,79188
2056,79211
2057,79236
2058,79255
2059,79291
2060,79310
2061,79328
2062,79362
2063,79391
2064,79411
2065,79428
2066,79445
2067,79477
2068,79497
2069,79518
2070,79535
2071,79565
2072,79591
2073,79612
2074,79747
2075,79766
2076,79783
2077,79830
2078,79858
2079,79885
2080,79920
2081,80023
2082,80043
2083,80061
2084,80091
2085,80112
2086,80142
2087,80166
2088,80208
2089,80232
2090,80288
2091,80839
2092,81071
2093,81155
2094,81183
2095,81207
2096,81232
2097,81256
2098,81279
2099,81301
2100,81329
2101,81350
2102,81375
2103,81398
2104,81420
2105,81440
2106,81461
2107,81482
2108,81509
2109,81535
2110,81560
2111,81584
2112,81618
2113,81640
2114,81659
2115,81681
2116,81712
2117,81732
2118,81750
2119,81768
2120,81786
2121,81816
2122,81832
2123,81849
2124,81864
2125,82103
2126,82125
2127,82187
2128,82214
2129,82238
2130,82271
2131,82298
2132,82327
2133,82360
2134,82386
2135,82411
2136,82435
2137,82458
2138,82479
2139,82503
2140,82527
2141,82548
2142,82571
2143,82600
2144,82620
2145,82643
2146,82666
2147,82688
2148,82707
2149,82725
2150,82743
2151,82763
2152,82781
2153,82824
2154,82845
2155,82864
2156,82887
2157,82904
2158,83002
2159,83020
2160,83074
2161,83157
2162,83186
2163,83235
2164,83418
2165,83435
2166,83638
2167,83722
2168,83750
2169,83775
2170,83798
2171,83821
2172,83845
2173,83872
2174,83895
2175,83915
2176,83942
2177,83978
2178,84014
2179,84038
2180,84061
2181,84083
2182,84103
2183,84126
2184,84147
2185,84165
2186,84182
2187,84203
2188,84239
2189,84257
2190,84273
2191,84290
2192,84314
2193,84438
2194,84460
2195,84478
2196,84497
2197,84729
2198,84868
2199,84892
2200,84915
2201,84941
2202,84963
2203,85000
2204,85023
2205,85044
2206,85078
2207,85107
2208,85126
2209,85150
2210,85396
2211,85484
2212,85510
2213,85535
2214,85561
2215,85652
2216,85678
2217,85705
2218,85731
2219,85755
2220,85780
2221,85805
2222,85829
2223,85962
2224,85989
2225,86015
2226,86039
2227,86104
2228,86126
2229,86152
2230,86176
2231,86364
2232,86450
2233,86476
2234,86502
2235,86537
2236,86563
2237,86597
2238,86621
2239,86644
2240,86667
2241,86694
2242,86721
2243,86742
2244,86765
2245,86791
2246,86812
2247,86845
2248,86869
2249,86889
2250,86909
2251,86928
2252,86948
2253,86965
2254,86989
2255,87032
2256,87054
2257,87073
2258,87090
2259,87107
2260,87126
2261,87143
2262,87160
2263,87176
2264,87251
2265,87268
2266,87287
2267,87311
2268,87537
2269,87841
2270,87867
2271,87891
2272,88074
2273,88162
2274,88188
2275,88213
2276,88239
2277,88263
2278,88288
2279,88316
2280,88337
2281,88374
2282,88398
2283,88425
2284,88449
2285,88472
2286,88497
2287,88519
2288,88539
2289,88564
2290,88585
2291,88609
2292,88630
2293,88650
2294,88671
2295,88700
2296,88718
2297,88736
2298,88766
2299,88785
2300,88812
2301,88829
2302,88873
2303,88890
2304,89000
2305,89019
2306,89037
2307,89250
2308,89308
2309,89330
2310,89353
2311,89374
2312,89396
2313,89417
2314,89438
2315,89469
2316,89490
2317,89508
2318,89525
2319,89544
2320,89564
2321,89860
2322,89958
2323,89984
2324,90033
2325,90069
2326,90093
2327,90116
2328,90140
2329,90161
2330,90181
2331,90207
2332,90226
2333,90265
2334,90293
2335,90319
2336,90520
2337,90620
2338,90645
2339,90670
2340,90695
2341,90722
2342,90747
2343,90772
2344,90794
2345,90818
2346,90841
2347,90864
2348,90898
2349,90925
2350,90949
2351,90980
2352,91003
2353,91022
2354,91046
2355,91080
2356,91109
2357,91142
2358,91163
2359,91182
2360,91203
2361,91221
2362,91282
2363,91301
2364,91318
2365,91351
2366,91381
2367,91451
2368,91472
2369,91493
2370,91526
2371,91629
2372,91641
2373,91659
2374,91675
2375,91859
2376,91905
2377,91924
2378,91982
2379,92010
2380,92029
2381,92047
2382,92067
2383,92084
2384,92102
2385,92123
2386,92152
2387,92294
2388,92311
2389,92330
2390,92349
2391,92376
2392,92393
2393,92405
2394,92493
2395,92638
2396,92664
2397,92684
2398,92708
2399,92727
2400,93003
2401,93040
2402,93102
2403,93130
2404,93154
2405,93177
2406,93201
2407,93226
2408,93252
2409,93275
2410,93297
2411,93324
2412,93346
2413,93367
2414,93387
2415,93412
2416,93434
2417,93454
2418,93475
2419,93493
2420,93529
2421,93552
2422,93570
2423,93587
2424,93610
2425,93632
2426,93663
2427,93694
2428,93715
2429,93746
2430,93846
2431,93865
2432,93885
2433,93903
2434,93920
2435,94133
2436,94404
2437,94430
2438,94456
2439,94481
2440,94683
2441,94721
2442,94783
2443,94808
2444,94833
2445,94859
2446,94883
2447,94911
2448,94935
2449,94963
2450,94985
2451,95010
2452,95030
2453,95055
2454,95077
2455,95102
2456,95125
2457,95148
2458,95169
2459,95189
2460,95222
2461,95245
2462,95265
2463,95285
2464,95303
2465,95324
2466,95342
2467,95364
2468,95382
2469,95399
2470,95415
2471,95432
2472,95448
2473,95530
2474,95545
2475,95660
2476,95685
2477,95706
2478,95723
2479,95742
2480,95759
2481,95778
2482,95797
2483,95812
2484,95828
2485,95995
2486,96038
2487,96071
2488,96094
2489,96112
2490,96145
2491,96162
2492,96182
2493,96517
2494,96573
2495,96597
2496,96623
2497,96647
2498,96671
2499,96693
2500,96882
2501,96966
2502,96996
2503,97020
2504,97044
2505,97069
2506,97092
2507,97185
2508,97239
2509,97265
2510,97292
2511,97316
2512,97339
2513,97363
2514,97385
2515,97420
2516,97443
2517,97482
2518,97530
2519,97557
2520,97590
2521,97610
2522,97630
2523,97648
2524,97707
2525,97725
2526,97789
2527,97810
2528,97828
2529,97846
2530,97884
2531,97919
2532,97937
2533,98289
2534,98314
2535,98336
2536,98359
2537,98383
2538,98404
2539,98425
2540,98457
2541,98476
2542,98508
2543,98528
2544,98548
2545,98565
2546,98583
2547,98600
2548,98631
2549,98647
2550,98830
2551,98916
2552,98943
2553,98969
2554,98997
2555,99023
2556,99048
2557,99074
2558,99098
2559,99122
2560,99144
2561,99169
2562,99191
2563,99228
2564,99248
2565,99266
2566,99288
2567,99312
2568,99330
2569,99352
2570,99376
2571,99464
2572,99486
2573,99752
2574,99775
2575,99800
2576,99834
2577,99858
